従来手法の総ピクセル数,提案手法の総ピクセル数,従来手法の総ピクセル数-提案手法の総ピクセル数
0,0,0
0,0,0
0,0,0
0,0,0
0,0,0
0,0,0
0,0,0
0,0,0
0,0,0
0,0,0
0,0,0
0,0,0
0,0,0
0,0,0
0,0,0
0,0,0
0,0,0
0,0,0
0,0,0
0,0,0
0,0,0
0,0,0
0,0,0
0,0,0
0,0,0
0,0,0
0,0,0
0,0,0
0,0,0
0,0,0
0,0,0
0,0,0
0,0,0
0,0,0
0,0,0
0,0,0
0,0,0
0,0,0
0,0,0
0,0,0
0,0,0
0,0,0
0,0,0
0,0,0
0,0,0
0,0,0
0,0,0
0,0,0
0,0,0
0,0,0
0,0,0
0,0,0
0,0,0
0,0,0
0,0,0
0,0,0
0,0,0
0,0,0
0,0,0
0,0,0
0,0,0
0,0,0
0,0,0
0,0,0
0,0,0
0,0,0
0,0,0
0,0,0
0,0,0
0,0,0
0,0,0
0,0,0
0,0,0
0,0,0
0,0,0
0,0,0
0,0,0
0,0,0
0,0,0
0,0,0
0,0,0
0,0,0
0,0,0
0,0,0
0,0,0
0,0,0
0,0,0
0,0,0
0,0,0
0,0,0
0,0,0
0,0,0
0,0,0
0,0,0
0,0,0
0,0,0
0,0,0
0,0,0
0,0,0
0,0,0
0,0,0
0,0,0
0,0,0
0,0,0
0,0,0
0,0,0
0,0,0
0,0,0
0,0,0
0,0,0
0,0,0
0,0,0
0,0,0
0,0,0
0,0,0
0,0,0
0,0,0
0,0,0
0,0,0
0,0,0
0,0,0
0,0,0
0,0,0
0,0,0
0,0,0
0,0,0
0,0,0
0,0,0
0,0,0
0,0,0
0,0,0
0,0,0
0,0,0
0,0,0
0,0,0
0,0,0
0,0,0
0,0,0
0,0,0
0,0,0
0,0,0
0,0,0
0,0,0
0,0,0
0,0,0
0,0,0
0,0,0
0,0,0
0,0,0
0,0,0
0,0,0
0,0,0
0,0,0
0,0,0
0,0,0
0,0,0
0,0,0
0,0,0
0,0,0
0,0,0
0,0,0
34,9,25
58,13,45
41,22,19
57,28,29
82,68,14
153,109,44
207,162,45
303,219,84
312,253,59
527,432,95
545,439,106
736,596,140
992,847,145
1142,999,143
1793,1699,94
3332,3191,141
4340,4193,147
8958,8825,133
11124,10953,171
12375,12155,220
14039,13751,288
16383,15892,491
18173,17501,672
19092,18315,777
20756,19924,832
21614,20688,926
22855,21930,925
23491,22467,1024
23169,22260,909
23001,22012,989
23392,22372,1020
23941,22850,1091
24419,23265,1154
24836,23578,1258
24691,23470,1221
24565,23352,1213
24557,23387,1170
24486,23317,1169
24114,22981,1133
23996,22862,1134
23640,22518,1122
23188,22161,1027
22849,21819,1030
22939,21726,1213
22549,21354,1195
22687,21533,1154
22366,21200,1166
22497,21369,1128
22897,21750,1147
23421,22242,1179
24211,22989,1222
24743,23503,1240
24624,23366,1258
24975,23684,1291
25218,23931,1287
25252,23875,1377
25222,23871,1351
25473,24073,1400
25489,24119,1370
25579,24179,1400
25753,24395,1358
25853,24450,1403
25833,24466,1367
26189,24828,1361
26096,24745,1351
26142,24705,1437
26232,24860,1372
26299,24948,1351
26205,24827,1378
26363,25023,1340
26143,24780,1363
26176,24791,1385
26256,24890,1366
26339,24951,1388
26323,24942,1381
26449,25063,1386
26334,24963,1371
26243,24848,1395
26201,24819,1382
26039,24665,1374
25976,24601,1375
26043,24657,1386
25933,24571,1362
25814,24467,1347
25788,24464,1324
25738,24385,1353
25564,24229,1335
25662,24320,1342
25442,24104,1338
25379,24064,1315
25334,24027,1307
25382,24093,1289
25114,23910,1204
25227,24029,1198
25032,23824,1208
25072,23856,1216
24995,23774,1221
24930,23687,1243
24864,23620,1244
24917,23684,1233
24833,23619,1214
24909,23660,1249
24904,23664,1240
25063,23810,1253
25015,23755,1260
25102,23826,1276
25116,23835,1281
25228,23932,1296
25166,23876,1290
25271,23975,1296
25209,23928,1281
25279,23976,1303
25226,23927,1299
25227,23949,1278
25129,23851,1278
25202,23936,1266
25030,23779,1251
25021,23747,1274
24880,23610,1270
24956,23730,1226
24735,23506,1229
24702,23496,1206
24481,23274,1207
24642,23406,1236
24588,23381,1207
24728,23510,1218
24550,23333,1217
24490,23312,1178
24219,23042,1177
24267,23043,1224
24127,22961,1166
24146,22934,1212
24117,22826,1291
24108,22963,1145
23919,22795,1124
23859,22827,1032
23686,22495,1191
23586,22263,1323
23475,22047,1428
23825,22309,1516
23624,22112,1512
23993,22408,1585
24262,22629,1633
24472,22780,1692
24520,22802,1718
24800,23069,1731
24744,23035,1709
24876,23162,1714
24936,23232,1704
24972,23242,1730
24972,23244,1728
25096,23393,1703
25053,23331,1722
25109,23396,1713
25068,23390,1678
25073,23374,1699
25130,23421,1709
25206,23490,1716
25178,23464,1714
25295,23578,1717
25297,23589,1708
25345,23619,1726
25309,23583,1726
25383,23618,1765
25312,23563,1749
25446,23684,1762
25425,23657,1768
25473,23696,1777
25449,23718,1731
25559,23803,1756
25467,23707,1760
25492,23727,1765
25466,23708,1758
25464,23707,1757
25446,23694,1752
25398,23666,1732
25356,23617,1739
25465,23735,1730
25389,23644,1745
25378,23628,1750
25227,23501,1726
25272,23530,1742
25207,23475,1732
25095,23375,1720
24928,23200,1728
24872,23127,1745
24618,22938,1680
24547,22820,1727
24271,22608,1663
24085,22439,1646
23861,22227,1634
23797,22179,1618
23482,21841,1641
23438,21807,1631
23112,21531,1581
22809,21228,1581
22450,20982,1468
22415,21151,1264
22014,20885,1129
21604,20427,1177
21438,20296,1142
21481,20385,1096
21542,20443,1099
21971,20898,1073
22482,21380,1102
24127,22909,1218
24668,23443,1225
24907,23722,1185
25389,24150,1239
25566,24324,1242
25683,24452,1231
25849,24556,1293
25786,24522,1264
25846,24550,1296
25928,24637,1291
25985,24739,1246
25913,24646,1267
26029,24727,1302
25927,24666,1261
25951,24646,1305
25991,24688,1303
26053,24756,1297
26061,24788,1273
26130,24830,1300
26098,24841,1257
26132,24813,1319
26215,24901,1314
26291,24972,1319
26227,24915,1312
26384,25056,1328
26338,25027,1311
26350,25028,1322
26403,25069,1334
26447,25126,1321
26381,25067,1314
26430,25112,1318
26384,25103,1281
26362,25046,1316
26376,25042,1334
26434,25117,1317
26398,25095,1303
26539,25192,1347
26468,25146,1322
26474,25135,1339
26481,25138,1343
26524,25216,1308
26455,25160,1295
26561,25240,1321
26516,25250,1266
26522,25213,1309
26476,25152,1324
26556,25253,1303
26505,25199,1306
26589,25237,1352
26507,25204,1303
26501,25185,1316
26516,25171,1345
26516,25194,1322
26452,25140,1312
26576,25209,1367
26510,25158,1352
26446,25126,1320
26481,25119,1362
26517,25169,1348
26475,25160,1315
26555,25201,1354
26542,25200,1342
26501,25164,1337
26529,25171,1358
26568,25205,1363
26491,25149,1342
26603,25259,1344
26518,25187,1331
26438,25111,1327
26476,25139,1337
26491,25156,1335
26444,25137,1307
26589,25246,1343
26514,25197,1317
26507,25187,1320
26523,25179,1344
26525,25196,1329
26498,25183,1315
26611,25268,1343
26545,25209,1336
26582,25250,1332
26586,25249,1337
26611,25244,1367
26522,25124,1398
26662,25243,1419
26618,25220,1398
26562,25177,1385
26626,25227,1399
26654,25246,1408
26598,25193,1405
26701,25343,1358
26695,25322,1373
26689,25330,1359
26674,25318,1356
26674,25322,1352
26627,25285,1342
26729,25381,1348
26663,25321,1342
26625,25284,1341
26644,25302,1342
26676,25330,1346
26629,25305,1324
26708,25326,1382
26717,25341,1376
26707,25345,1362
26725,25361,1364
26771,25391,1380
26660,25303,1357
26747,25375,1372
26721,25342,1379
26688,25315,1373
26695,25318,1377
26717,25336,1381
26663,25294,1369
26724,25359,1365
26708,25371,1337
26712,25355,1357
26707,25357,1350
26835,25461,1374
26664,25324,1340
26818,25483,1335
26836,25487,1349
26790,25440,1350
26744,25428,1316
26880,25551,1329
26788,25454,1334
26871,25501,1370
26861,25480,1381
26848,25456,1392
26781,25404,1377
26917,25557,1360
26736,25388,1348
26751,25379,1372
26783,25394,1389
26673,25272,1401
26563,25190,1373
26669,25283,1386
26521,25170,1351
26580,25247,1333
26558,25225,1333
26510,25177,1333
26506,25184,1322
26588,25268,1320
26509,25170,1339
26611,25263,1348
26651,25291,1360
26715,25350,1365
26696,25334,1362
26764,25411,1353
26736,25369,1367
26670,25320,1350
26725,25348,1377
26718,25351,1367
26674,25303,1371
26744,25341,1403
26660,25282,1378
26777,25383,1394
26800,25399,1401
26835,25448,1387
26761,25388,1373
26880,25507,1373
26838,25475,1363
26818,25412,1406
26851,25463,1388
26866,25468,1398
26798,25392,1406
26846,25453,1393
26847,25476,1371
26862,25493,1369
26823,25441,1382
26810,25452,1358
26795,25436,1359
26845,25485,1360
26786,25438,1348
26887,25525,1362
26901,25530,1371
26928,25581,1347
26862,25507,1355
26935,25561,1374
26844,25495,1349
26884,25511,1373
26863,25500,1363
26866,25514,1352
26772,25426,1346
26892,25515,1377
26783,25431,1352
26875,25496,1379
26881,25496,1385
26857,25479,1378
26853,25476,1377
26890,25503,1387
26846,25466,1380
26912,25522,1390
26884,25477,1407
26893,25497,1396
26906,25516,1390
26947,25543,1404
26895,25496,1399
26910,25540,1370
26910,25529,1381
26966,25604,1362
26890,25530,1360
26973,25595,1378
26916,25554,1362
26910,25560,1350
26896,25526,1370
26887,25545,1342
26872,25527,1345
26943,25584,1359
26894,25540,1354
26901,25504,1397
26887,25488,1399
26913,25532,1381
26882,25503,1379
26961,25559,1402
26896,25522,1374
26909,25538,1371
26955,25566,1389
26940,25557,1383
26935,25551,1384
26959,25570,1389
26902,25520,1382
26909,25496,1413
26904,25485,1419
26900,25484,1416
26864,25466,1398
26979,25575,1404
26904,25507,1397
26913,25527,1386
26899,25511,1388
26913,25521,1392
26888,25514,1374
26994,25601,1393
26955,25570,1385
26961,25563,1398
26929,25541,1388
26944,25564,1380
26868,25486,1382
26938,25536,1402
26917,25525,1392
26870,25480,1390
26946,25541,1405
26940,25535,1405
26888,25491,1397
26980,25587,1393
26926,25542,1384
26948,25590,1358
26991,25637,1354
26964,25593,1371
26936,25564,1372
27056,25674,1382
26986,25597,1389
26919,25528,1391
26880,25511,1369
26920,25536,1384
26753,25378,1375
26878,25517,1361
26568,25242,1326
25881,24515,1366
25596,24285,1311
25184,23893,1291
24511,23228,1283
24405,23141,1264
24186,22987,1199
24156,22929,1227
24127,22869,1258
24237,22980,1257
24058,22805,1253
24096,22835,1261
24157,22899,1258
23971,22738,1233
23921,22678,1243
24088,22830,1258
23958,22702,1256
24013,22756,1257
24040,22785,1255
23982,22741,1241
23978,22724,1254
24125,22845,1280
24017,22744,1273
24020,22756,1264
24066,22803,1263
24018,22746,1272
24043,22779,1264
24122,22870,1252
23946,22694,1252
24007,22746,1261
24053,22779,1274
24135,22862,1273
24110,22807,1303
24317,22996,1321
24165,22851,1314
24223,22924,1299
24311,22985,1326
24243,22967,1276
24218,22932,1286
24582,23295,1287
24311,23033,1278
24345,23048,1297
24260,23001,1259
24355,23079,1276
24282,22985,1297
24348,23062,1286
24144,22879,1265
24238,22951,1287
24366,23071,1295
24493,23221,1272
24384,23114,1270
24417,23144,1273
24285,23013,1272
24380,23112,1268
24372,23110,1262
24243,22996,1247
24184,22927,1257
24246,22996,1250
24118,22869,1249
24215,22963,1252
24143,22892,1251
24182,22933,1249
24150,22912,1238
24331,23069,1262
24133,22906,1227
24211,22976,1235
24220,22957,1263
24259,23010,1249
24264,22997,1267
24360,23081,1279
24248,22991,1257
24264,23012,1252
24260,23001,1259
24108,22895,1213
24155,22941,1214
24336,23104,1232
24135,22917,1218
24263,23034,1229
24293,23045,1248
24320,23085,1235
24319,23081,1238
24360,23116,1244
24281,23033,1248
24371,23125,1246
24352,23086,1266
24354,23098,1256
24338,23083,1255
24638,23361,1277
24536,23269,1267
24863,23578,1285
25193,23841,1352
25771,24382,1389
25713,24337,1376
25850,24469,1381
25782,24415,1367
25986,24585,1401
25966,24574,1392
25793,24426,1367
25709,24355,1354
25699,24341,1358
25222,23908,1314
25204,23858,1346
25091,23747,1344
24897,23548,1349
24936,23580,1356
25260,23884,1376
25594,24174,1420
26362,24813,1549
26333,24772,1561
26238,24669,1569
26262,24703,1559
26470,24880,1590
26195,24614,1581
26391,24824,1567
26416,24851,1565
26366,24803,1563
26252,24684,1568
26389,24835,1554
26200,24654,1546
26257,24711,1546
26202,24675,1527
25972,24471,1501
25936,24457,1479
25970,24494,1476
25811,24308,1503
26013,24511,1502
26075,24599,1476
26361,24820,1541
26458,24946,1512
26608,25091,1517
26404,24924,1480
26448,24969,1479
26347,24893,1454
26185,24726,1459
25975,24533,1442
26204,24773,1431
25710,24307,1403
25592,24181,1411
25187,23796,1391
24507,23148,1359
23381,22075,1306
22691,21439,1252
20960,19783,1177
19253,18254,999
18351,17497,854
16268,15816,452
15190,14735,455
14890,14405,485
13986,13591,395
13725,13203,522
13298,12773,525
12692,12013,679
11070,10337,733
10369,9661,708
7640,7038,602
4726,4266,460
2708,2366,342
260,133,127
0,0,0
0,0,0
0,0,0
0,0,0
0,0,0
0,0,0
0,0,0
0,0,0
0,0,0
0,0,0
0,0,0
0,0,0
0,0,0
0,0,0
0,0,0
0,0,0
0,0,0
0,0,0
0,0,0
0,0,0
0,0,0
0,0,0
0,0,0
0,0,0
0,0,0
0,0,0
0,0,0
0,0,0
0,0,0
0,0,0
311,311,0
582,582,0
484,484,0
1090,1090,0
1103,1103,0
1561,1561,0
1238,1238,0
900,900,0
401,401,0
660,660,0
306,246,60
490,422,68
301,159,142
360,150,210
375,157,218
433,166,267
299,34,265
280,48,232
242,33,209
340,37,303
560,79,481
1163,405,758
1522,599,923
2264,1113,1151
3395,1903,1492
4032,2385,1647
5361,3790,1571
6915,5042,1873
7574,5672,1902
9311,7312,1999
10892,8569,2323
11965,9284,2681
13970,10647,3323
15985,12042,3943
17123,13014,4109
20442,15539,4903
23487,17844,5643
24814,18768,6046
27344,20070,7274
29045,20432,8613
28761,20021,8740
26678,19333,7345
25475,19104,6371
25265,18953,6312
24464,18729,5735
22485,17537,4948
21469,16663,4806
19234,15107,4127
17159,13370,3789
16821,13143,3678
16002,12483,3519
15418,11914,3504
14947,11574,3373
14428,10958,3470
13820,10565,3255
13646,10394,3252
13333,10227,3106
13127,10101,3026
13058,10018,3040
12985,9979,3006
12881,9888,2993
12864,9841,3023
12609,9698,2911
12570,9650,2920
12522,9581,2941
12453,9561,2892
12322,9392,2930
12216,9388,2828
12209,9339,2870
12165,9255,2910
12168,9292,2876
12080,9227,2853
11983,9084,2899
11979,9062,2917
11777,8904,2873
11785,8842,2943
11873,8856,3017
11710,8817,2893
11625,8747,2878
11677,8765,2912
11595,8730,2865
11568,8659,2909
11531,8607,2924
11480,8592,2888
11335,8477,2858
11436,8497,2939
11433,8540,2893
11395,8464,2931
11355,8460,2895
11307,8348,2959
11152,8223,2929
11204,8174,3030
11080,8104,2976
11053,8113,2940
11015,8068,2947
11158,8146,3012
11058,8107,2951
11037,7994,3043
11024,8051,2973
10983,7929,3054
10958,7914,3044
11174,7984,3190
10969,7896,3073
10981,7860,3121
10931,7827,3104
10940,7825,3115
10927,7832,3095
10939,7852,3087
10913,7820,3093
10916,7743,3173
10823,7670,3153
10906,7678,3228
10674,7605,3069
10706,7595,3111
10693,7573,3120
10708,7581,3127
10716,7621,3095
10746,7625,3121
10690,7593,3097
10656,7578,3078
10529,7454,3075
10651,7492,3159
10620,7448,3172
10700,7457,3243
10627,7374,3253
10663,6844,3819
10630,6735,3895
10711,6743,3968
10695,6759,3936
10730,6756,3974
10645,6693,3952
10696,6708,3988
10736,6686,4050
10807,6710,4097
10769,6677,4092
10715,6610,4105
10596,6568,4028
10595,6633,3962
10471,6523,3948
10560,6576,3984
10696,6484,4212
11002,6561,4441
11126,6540,4586
13241,8174,5067
13064,7906,5158
13355,8070,5285
13278,8015,5263
13547,8226,5321
13265,8017,5248
13433,8212,5221
13183,8017,5166
13473,8223,5250
13253,8000,5253
13410,8135,5275
13238,8043,5195
13544,8268,5276
13572,8272,5300
14047,8474,5573
13893,8287,5606
14500,8957,5543
14312,8661,5651
14630,9146,5484
14800,9116,5684
15188,9372,5816
17197,10068,7129
29598,15780,13818
35066,17864,17202
32942,18948,13994
26937,16014,10923
25469,15568,9901
21721,13327,8394
18948,12147,6801
16848,11001,5847
13573,9031,4542
9676,7452,2224
8961,6826,2135
7489,5347,2142
7134,5106,2028
6369,4833,1536
6924,5570,1354
6106,4862,1244
6693,5231,1462
7390,6129,1261
9403,7854,1549
8825,7377,1448
8806,7816,990
9400,8584,816
10587,9566,1021
8930,8555,375
10209,9607,602
9727,9262,465
8932,8431,501
6297,6234,63
4742,4687,55
1145,1145,0
100,100,0
58,58,0
34,34,0
77,77,0
127,127,0
96,96,0
84,84,0
49,49,0
114,114,0
51,51,0
95,95,0
40,40,0
28,28,0
0,0,0
0,0,0
0,0,0
26,26,0
0,0,0
0,0,0
0,0,0
0,0,0
0,0,0
83,83,0
42,42,0
96,96,0
0,0,0
180,180,0
130,130,0
116,116,0
0,0,0
134,134,0
86,86,0
118,118,0
0,0,0
194,159,35
1621,1095,526
3936,3133,803
5583,4517,1066
9606,7828,1778
12362,11020,1342
14351,13480,871
15024,14248,776
15531,14775,756
15641,14857,784
16702,15861,841
17624,16678,946
18211,17194,1017
18981,17881,1100
20242,19064,1178
20559,19336,1223
21618,20330,1288
22664,21295,1369
23283,21879,1404
24229,22777,1452
25609,24063,1546
26123,24454,1669
26441,24594,1847
24653,22655,1998
24847,22782,2065
23819,21654,2165
23876,21708,2168
24082,21886,2196
23443,21208,2235
23762,21552,2210
23811,21578,2233
23712,21502,2210
23513,21316,2197
23453,21251,2202
23620,21387,2233
23440,21167,2273
23562,21297,2265
23427,21157,2270
23379,21113,2266
23392,21147,2245
23164,20956,2208
23156,20958,2198
23451,21237,2214
23427,21220,2207
23335,21093,2242
23459,21241,2218
23427,21155,2272
23116,20853,2263
23257,20982,2275
23262,20989,2273
22890,20611,2279
22924,20676,2248
22497,20234,2263
22431,20203,2228
22620,20375,2245
22577,20341,2236
22411,20168,2243
22494,20272,2222
22561,20278,2283
22445,20206,2239
22693,20462,2231
22517,20288,2229
22485,20240,2245
22529,20318,2211
22265,19974,2291
22087,19812,2275
22397,20099,2298
22363,20073,2290
22260,19952,2308
22255,20014,2241
22286,19969,2317
22077,19794,2283
22305,20020,2285
22259,20002,2257
22049,19732,2317
22216,19941,2275
22066,19779,2287
21896,19608,2288
22066,19814,2252
21974,19749,2225
21988,19733,2255
21959,19724,2235
22148,19861,2287
21973,19678,2295
22248,19948,2300
22046,19760,2286
21981,19668,2313
21956,19661,2295
21840,19502,2338
21832,19492,2340
21785,19460,2325
21707,19434,2273
21684,19359,2325
21763,19474,2289
21821,19526,2295
21714,19388,2326
21814,19495,2319
21727,19434,2293
21625,19288,2337
21626,19306,2320
21739,19447,2292
21548,19251,2297
21699,19388,2311
21656,19420,2236
21622,19306,2316
21496,19257,2239
21556,19307,2249
21350,19108,2242
21556,19378,2178
21526,19352,2174
21340,19150,2190
21154,19023,2131
21419,19264,2155
21268,19129,2139
21262,19159,2103
21098,19009,2089
21240,19152,2088
21404,19355,2049
22340,20276,2064
22630,20614,2016
23172,21155,2017
24137,22150,1987
24338,22373,1965
24332,22347,1985
25179,23166,2013
24964,23020,1944
25428,23480,1948
25292,23343,1949
25598,23700,1898
25553,23692,1861
25949,24081,1868
25577,23670,1907
25728,23801,1927
25429,23507,1922
24844,22911,1933
24854,22897,1957
24459,22471,1988
24084,22119,1965
24208,22202,2006
24449,22454,1995
24157,22113,2044
24425,22369,2056
24466,22420,2046
24201,22217,1984
24300,22263,2037
24467,22452,2015
24316,22355,1961
24295,22298,1997
24735,22758,1977
24563,22636,1927
24425,22472,1953
24619,22688,1931
24524,22578,1946
24727,22771,1956
24666,22693,1973
24676,22720,1956
24436,22439,1997
24523,22523,2000
24553,22553,2000
24444,22457,1987
24930,22916,2014
24720,22751,1969
24481,22515,1966
24791,22810,1981
24796,22769,2027
24806,22819,1987
24979,22942,2037
24598,22587,2011
24570,22563,2007
24739,22727,2012
24489,22464,2025
24470,22484,1986
25022,23020,2002
24690,22719,1971
24794,22804,1990
24870,22876,1994
24867,22831,2036
24962,22950,2012
24971,22949,2022
24722,22712,2010
24974,22951,2023
25014,23014,2000
24803,22754,2049
24715,22703,2012
25059,23035,2024
24864,22860,2004
24842,22828,2014
24888,22871,2017
24766,22723,2043
24906,22859,2047
24886,22818,2068
24689,22638,2051
24914,22860,2054
24943,22911,2032
24703,22665,2038
24895,22898,1997
25594,23599,1995
25497,23487,2010
25583,23577,2006
25796,23793,2003
25620,23566,2054
25704,23634,2070
25952,23879,2073
25823,23729,2094
25978,23839,2139
26090,23934,2156
25924,23716,2208
25948,23762,2186
26163,23990,2173
25851,23714,2137
25975,23832,2143
26134,23985,2149
25901,23680,2221
25726,23553,2173
26038,23851,2187
25778,23595,2183
25796,23598,2198
25864,23673,2191
25862,23684,2178
25660,23471,2189
25982,23809,2173
25702,23498,2204
25609,23411,2198
25695,23516,2179
25710,23486,2224
25484,23289,2195
25596,23403,2193
25526,23331,2195
25374,23181,2193
25558,23366,2192
25466,23262,2204
25448,23240,2208
25723,23524,2199
25244,23092,2152
25327,23118,2209
25325,23168,2157
25314,23124,2190
25323,23115,2208
25558,23343,2215
25403,23213,2190
25285,23091,2194
25374,23193,2181
25339,23174,2165
25272,23101,2171
25684,23490,2194
25620,23441,2179
25517,23302,2215
25753,23547,2206
25709,23497,2212
25651,23428,2223
25774,23558,2216
25690,23487,2203
25643,23392,2251
25693,23453,2240
25681,23452,2229
25452,23240,2212
25747,23552,2195
25579,23391,2188
25442,23234,2208
25541,23354,2187
25484,23322,2162
25340,23123,2217
25465,23250,2215
25421,23244,2177
25351,23149,2202
25472,23285,2187
25568,23352,2216
25347,23151,2196
25569,23377,2192
25446,23274,2172
25407,23212,2195
25440,23241,2199
25414,23206,2208
25220,23050,2170
25449,23241,2208
25507,23343,2164
25177,22978,2199
25214,23029,2185
25149,22959,2190
24910,22723,2187
25460,23221,2239
25536,23338,2198
25176,22957,2219
25288,23124,2164
25285,23035,2250
25071,22843,2228
25252,23009,2243
25329,23106,2223
25343,23112,2231
25182,22998,2184
25283,23067,2216
25113,22920,2193
25446,23222,2224
25519,23323,2196
25433,23219,2214
25333,23132,2201
25424,23183,2241
25296,23090,2206
25516,23311,2205
25590,23364,2226
25477,23259,2218
25514,23303,2211
25536,23303,2233
25384,23163,2221
25514,23314,2200
25525,23344,2181
25291,23087,2204
25297,23106,2191
25485,23256,2229
25289,23070,2219
25479,23256,2223
25440,23202,2238
25436,23229,2207
25368,23199,2169
25423,23203,2220
25236,23044,2192
25327,23157,2170
25417,23227,2190
25229,23008,2221
25116,22915,2201
25263,23024,2239
24964,22739,2225
25033,22820,2213
24986,22762,2224
24956,22729,2227
24811,22613,2198
24804,22593,2211
24745,22647,2098
25137,23027,2110
26078,24022,2056
26343,24299,2044
26597,24673,1924
27834,25917,1917
26870,25065,1805
26072,24376,1696
23980,22375,1605
22532,20967,1565
21529,20097,1432
19450,18150,1300
16732,15419,1313
14848,13581,1267
10737,9051,1686
6931,5384,1547
4794,3498,1296
2371,1402,969
993,557,436
525,326,199
292,202,90
119,119,0
135,135,0
128,128,0
77,77,0
137,137,0
58,58,0
102,102,0
57,57,0
141,141,0
58,58,0
128,128,0
135,135,0
87,87,0
17,17,0
190,190,0
61,56,5
214,183,31
92,92,0
209,167,42
197,160,37
578,336,242
1114,658,456
1115,746,369
1694,1194,500
3541,2341,1200
4034,2760,1274
6593,5400,1193
8860,7761,1099
9599,8526,1073
11175,10170,1005
13645,12456,1189
14317,13201,1116
15387,14196,1191
16282,15148,1134
16840,15719,1121
17366,16250,1116
18516,17287,1229
18965,17797,1168
20217,18943,1274
21241,19888,1353
22178,20846,1332
23128,21726,1402
24582,23062,1520
24942,23350,1592
26549,24828,1721
27710,25840,1870
27421,25456,1965
27683,25695,1988
27881,25839,2042
27602,25571,2031
27802,25736,2066
27468,25408,2060
27362,25282,2080
27504,25411,2093
27423,25338,2085
27205,25098,2107
27631,25496,2135
27232,25140,2092
27112,24990,2122
27125,25014,2111
27311,25201,2110
27038,24953,2085
27296,25206,2090
27076,24993,2083
26999,24897,2102
27297,25163,2134
27104,24962,2142
26765,24651,2114
27270,25136,2134
26933,24825,2108
27084,24954,2130
27079,24944,2135
27183,25068,2115
26848,24730,2118
27129,24975,2154
26988,24846,2142
27148,24979,2169
27301,25173,2128
27368,25207,2161
27242,25096,2146
27413,25269,2144
27223,25093,2130
27108,24968,2140
27267,25143,2124
27316,25162,2154
27108,24953,2155
27351,25200,2151
27278,25104,2174
27025,24880,2145
27384,25285,2099
27285,25150,2135
27062,24922,2140
27388,25208,2180
27231,25060,2171
27237,25061,2176
27140,24967,2173
27304,25124,2180
27181,25011,2170
27602,25408,2194
27270,25083,2187
27324,25122,2202
27390,25240,2150
27576,25377,2199
27323,25122,2201
27376,25162,2214
27178,24952,2226
27224,24998,2226
27158,24948,2210
27334,25135,2199
27415,25201,2214
27620,25390,2230
27510,25265,2245
27233,25055,2178
27253,25079,2174
27530,25328,2202
27217,25020,2197
27465,25277,2188
27333,25173,2160
27438,25249,2189
27360,25203,2157
27539,25354,2185
27412,25238,2174
27366,25189,2177
27309,25123,2186
26983,24801,2182
27214,25055,2159
27293,25103,2190
27181,25008,2173
27188,25022,2166
27120,24955,2165
27349,25176,2173
27264,25097,2167
27374,25196,2178
27290,25095,2195
27345,25145,2200
27321,25127,2194
27086,24897,2189
27092,24925,2167
27273,25108,2165
27123,24959,2164
27040,24866,2174
26941,24759,2182
27079,24878,2201
27043,24846,2197
27148,24937,2211
26979,24778,2201
27121,24914,2207
27096,24908,2188
26762,24547,2215
26788,24585,2203
26932,24726,2206
26743,24546,2197
27166,24960,2206
27078,24863,2215
27218,24979,2239
27018,24810,2208
27112,24899,2213
26958,24745,2213
27207,24984,2223
27163,24953,2210
26731,24525,2206
26750,24553,2197
26959,24752,2207
26834,24625,2209
26888,24691,2197
26855,24676,2179
26881,24668,2213
26912,24711,2201
27221,25015,2206
27131,24961,2170
27606,25411,2195
27740,25646,2094
27656,25613,2043
26936,25082,1854
25524,23952,1572
24442,22976,1466
22923,21628,1295
21217,20115,1102
20654,19558,1096
19291,18077,1214
17839,16159,1680
17148,15381,1767
16106,13846,2260
14402,11368,3034
11824,8582,3242
10095,7457,2638
7073,4584,2489
5369,3194,2175
3221,1931,1290
1732,930,802
1349,643,706
333,62,271
113,46,67
49,17,32
0,0,0
0,0,0
17,17,0
0,0,0
44,17,27
34,17,17
69,22,47
56,22,34
43,43,0
29,29,0
34,34,0
0,0,0
17,17,0
17,17,0
0,0,0
0,0,0
0,0,0
17,17,0
17,17,0
17,17,0
17,17,0
0,0,0
17,17,0
0,0,0
49,49,0
232,63,169
334,118,216
2608,2435,173
5283,4758,525
5454,4510,944
7097,5546,1551
5847,4984,863
7150,6150,1000
6693,5589,1104
6197,4968,1229
4981,3889,1092
3881,2818,1063
3079,1988,1091
3571,2366,1205
2836,1635,1201
3280,2176,1104
2906,1858,1048
3589,2477,1112
3185,2068,1117
3370,2320,1050
3280,2044,1236
4045,2419,1626
4162,2297,1865
5661,3351,2310
6427,3781,2646
7547,4336,3211
8406,5025,3381
9375,6009,3366
9598,6167,3431
10940,7075,3865
12821,7920,4901
14321,8801,5520
18366,11435,6931
21609,14115,7494
23708,15273,8435
27237,17480,9757
30241,18754,11487
32710,19472,13238
34147,20113,14034
37082,19871,17211
38461,20031,18430
41243,20943,20300
41670,20866,20804
40661,19938,20723
34636,18147,16489
30469,16323,14146
28132,14899,13233
27266,14602,12664
24737,13661,11076
23663,12930,10733
22973,12488,10485
23052,12580,10472
22726,12256,10470
22871,12341,10530
22701,12217,10484
22533,11885,10648
21962,11598,10364
22079,11850,10229
21975,11914,10061
22219,12132,10087
21827,12066,9761
21809,12267,9542
21514,12284,9230
21753,12447,9306
21604,12381,9223
24984,14593,10391
26923,15197,11726
28315,15569,12746
29221,15590,13631
31217,16173,15044
30493,15804,14689
31339,16032,15307
31107,16079,15028
31544,15990,15554
30963,15639,15324
31546,16079,15467
30910,15608,15302
31468,15993,15475
35279,16529,18750
37358,16959,20399
39646,17086,22560
40417,17492,22925
39937,17317,22620
40479,17590,22889
39896,17252,22644
40763,17609,23154
39735,17039,22696
40770,17545,23225
40597,17219,23378
42251,17138,25113
42341,17486,24855
43009,17944,25065
42832,18178,24654
45148,19459,25689
46679,18949,27730
49863,21416,28447
45614,18661,26953
39832,17045,22787
31248,15100,16148
27293,15444,11849
24034,14999,9035
22655,14109,8546
19718,12709,7009
17754,12062,5692
16857,11935,4922
16751,12275,4476
15315,12023,3292
14998,11417,3581
15915,12124,3791
16532,12570,3962
16334,12388,3946
20109,15367,4742
23694,18288,5406
26299,20613,5686
27136,21915,5221
26615,20975,5640
24458,17989,6469
24852,17262,7590
17721,12500,5221
17688,12930,4758
13785,11045,2740
7989,5392,2597
8041,4404,3637
9655,5603,4052
6737,6203,534
7363,6778,585
6541,6077,464
6856,6402,454
6629,6129,500
6852,6377,475
6307,5918,389
7136,6611,525
6546,6105,441
6450,5812,638
5792,5235,557
6484,5961,523
5758,5251,507
6314,5761,553
5922,5321,601
6442,5655,787
6338,5423,915
7173,5961,1212
6768,5473,1295
7373,6015,1358
7124,5821,1303
8492,6719,1773
8348,6406,1942
10732,7316,3416
12248,8477,3771
14460,10156,4304
17272,11408,5864
19923,14516,5407
20433,15356,5077
23047,18588,4459
23047,19732,3315
23495,20280,3215
24117,21412,2705
25810,23323,2487
25418,22984,2434
26793,24654,2139
26626,24263,2363
26829,24526,2303
27304,25001,2303
28288,25865,2423
28718,26318,2400
30347,28062,2285
30374,27733,2641
28842,26074,2768
26206,23226,2980
27123,23397,3726
26631,22739,3892
25222,20305,4917
23122,17034,6088
24188,16627,7561
23859,16341,7518
23989,16500,7489
23691,16305,7386
24002,16658,7344
23634,16280,7354
23728,16435,7293
23144,16188,6956
23608,15786,7822
23666,15880,7786
23922,15993,7929
23271,15427,7844
23639,15733,7906
23324,15600,7724
23794,16021,7773
23850,15998,7852
24153,16322,7831
23809,16025,7784
24182,16291,7891
23917,16089,7828
23632,16032,7600
23513,15826,7687
24123,16393,7730
23727,16013,7714
24021,16083,7938
23777,16019,7758
24220,16437,7783
24077,16364,7713
24115,16399,7716
23911,16352,7559
24160,16408,7752
23806,16064,7742
24397,16313,8084
24155,16204,7951
24511,16432,8079
24209,16388,7821
24399,16401,7998
24083,16051,8032
24304,16328,7976
24258,16245,8013
24449,16488,7961
24127,16187,7940
24324,16385,7939
24071,16110,7961
23792,15997,7795
23632,15809,7823
24082,16407,7675
23663,16074,7589
23802,16246,7556
23339,15649,7690
23785,16244,7541
23649,16020,7629
24372,16739,7633
23919,16344,7575
24121,16555,7566
23847,16348,7499
24383,16365,8018
24321,16431,7890
24602,16800,7802
24843,18560,6283
25587,19236,6351
26093,20408,5685
27145,22310,4835
27394,22722,4672
27059,22617,4442
28732,24327,4405
30635,26176,4459
32224,27615,4609
32529,28105,4424
31690,27135,4555
29575,24426,5149
26076,20385,5691
24729,18501,6228
18905,14681,4224
15513,11211,4302
13911,9764,4147
11280,7899,3381
9424,7409,2015
9564,7591,1973
9027,7251,1776
8463,6789,1674
7743,6236,1507
7891,6568,1323
6952,5864,1088
7228,6117,1111
6682,5804,878
7030,6091,939
6689,5834,855
7331,6411,920
6558,5672,886
6877,5943,934
6754,5843,911
8216,7227,989
8647,7114,1533
10465,3939,6526
7507,4072,3435
9598,6967,2631
10953,8631,2322
14919,10876,4043
14743,10552,4191
16662,14033,2629
18748,16171,2577
19212,15992,3220
15324,11970,3354
16966,12701,4265
15272,11491,3781
14652,11290,3362
11998,9329,2669
12774,9894,2880
11812,9086,2726
12346,9174,3172
11684,8416,3268
13344,9191,4153
13054,9214,3840
14339,9890,4449
14901,9888,5013
16122,10940,5182
15834,10805,5029
17184,11390,5794
20084,12858,7226
21723,13284,8439
24045,14088,9957
27499,16343,11156
27662,16946,10716
29612,19100,10512
30820,20326,10494
31881,20358,11523
33552,20866,12686
36529,20935,15594
37220,19857,17363
41947,19300,22647
43932,17402,26530
44572,16984,27588
39605,16080,23525
35123,16011,19112
33491,15618,17873
32906,15445,17461
31331,14946,16385
31720,15178,16542
30910,15082,15828
30163,14943,15220
29549,14744,14805
29206,14291,14915
28062,13834,14228
28220,13895,14325
27491,13114,14377
27746,13535,14211
27298,13319,13979
27847,13430,14417
27348,13201,14147
27920,13532,14388
27459,12826,14633
27638,12601,15037
27139,12320,14819
27571,12398,15173
26908,11993,14915
27074,12070,15004
26506,11518,14988
26883,11748,15135
26259,11465,14794
26936,11854,15082
26349,11563,14786
26628,11799,14829
24711,10417,14294
22640,9982,12658
21872,9742,12130
21559,9873,11686
20633,9331,11302
20976,9721,11255
20424,9179,11245
20863,9587,11276
20148,9056,11092
20378,9167,11211
19852,8807,11045
20440,9267,11173
20371,9088,11283
20947,9616,11331
20913,9577,11336
21443,10040,11403
20508,9399,11109
20727,9497,11230
20153,9067,11086
21126,9964,11162
20348,9350,10998
20818,9683,11135
20111,9482,10629
20823,10154,10669
24315,10707,13608
36470,17340,19130
32849,17849,15000
27784,17434,10350
23310,15586,7724
23179,15922,7257
20042,14225,5817
19134,13470,5664
17726,12909,4817
17420,13592,3828
16267,12532,3735
16952,14059,2893
15836,13483,2353
16288,14280,2008
16182,14022,2160
20235,15804,4431
20674,15139,5535
24128,16460,7668
20609,12684,7925
18351,10356,7995
13549,6794,6755
11180,5706,5474
6869,3617,3252
5903,2829,3074
2505,1143,1362
2033,736,1297
1691,468,1223
1781,604,1177
1364,332,1032
1693,615,1078
1450,497,953
1516,563,953
1197,433,764
1469,699,770
1085,568,517
865,631,234
368,322,46
387,387,0
454,454,0
737,726,11
447,446,1
688,682,6
540,540,0
715,700,15
670,666,4
734,727,7
408,396,12
564,558,6
457,435,22
523,384,139
608,473,135
689,515,174
843,467,376
1135,699,436
1339,682,657
3087,1424,1663
3884,1835,2049
6771,4388,2383
10139,6412,3727
12223,8216,4007
14730,11440,3290
17188,14678,2510
18494,16625,1869
19007,17376,1631
20301,18836,1465
21020,19625,1395
21936,20534,1402
22752,21383,1369
23188,21769,1419
24281,22806,1475
25111,23524,1587
26043,24406,1637
26293,24464,1829
21984,19990,1994
20824,18753,2071
19313,16935,2378
18939,16408,2531
19067,16512,2555
19028,16503,2525
19134,16536,2598
18779,16213,2566
18716,16053,2663
18326,15711,2615
18304,15674,2630
18000,15393,2607
17923,15331,2592
18016,15389,2627
18044,15412,2632
17898,15307,2591
17993,15387,2606
17617,14985,2632
17852,15213,2639
17583,14945,2638
17731,15086,2645
17545,14924,2621
17632,15005,2627
17372,14790,2582
17173,14539,2634
16961,14376,2585
17245,14669,2576
17135,14532,2603
17341,14664,2677
17130,14525,2605
17316,14613,2703
16881,14207,2674
16906,14261,2645
16757,14047,2710
16721,14017,2704
16544,13946,2598
16830,14095,2735
16528,13883,2645
16742,14125,2617
16559,13867,2692
16565,13836,2729
16370,13697,2673
16518,13710,2808
16287,13546,2741
16412,13650,2762
16167,13386,2781
16334,13529,2805
16054,13351,2703
15998,13228,2770
15873,13122,2751
15893,13140,2753
15873,13100,2773
16130,13327,2803
15721,12961,2760
15972,13111,2861
15716,12883,2833
15973,13150,2823
15793,12974,2819
15789,12913,2876
15806,12990,2816
15729,12940,2789
15447,12635,2812
15552,12717,2835
15606,12779,2827
15647,12802,2845
15314,12487,2827
15509,12639,2870
15194,12324,2870
15328,12511,2817
15311,12523,2788
15538,12656,2882
15219,12443,2776
15202,12390,2812
14958,12102,2856
15380,12512,2868
15116,12253,2863
15230,12283,2947
15089,12249,2840
15367,12507,2860
15130,12304,2826
15012,12187,2825
15017,12229,2788
15040,12124,2916
14942,12108,2834
14848,12008,2840
14936,12083,2853
14864,12028,2836
14762,11984,2778
14930,12077,2853
14665,11869,2796
14866,12080,2786
14679,11896,2783
14728,11937,2791
14561,11825,2736
14785,11943,2842
14713,11899,2814
14812,12052,2760
14596,11893,2703
14700,11968,2732
14690,11980,2710
14882,12124,2758
14817,12103,2714
15107,12393,2714
14903,12165,2738
15075,12285,2790
15017,12249,2768
15299,12505,2794
15090,12338,2752
15203,12388,2815
15178,12385,2793
15155,12291,2864
15187,12373,2814
15288,12544,2744
15041,12296,2745
15410,12681,2729
15265,12570,2695
15394,12676,2718
15366,12703,2663
15550,12851,2699
15278,12570,2708
15943,13153,2790
15644,12891,2753
15854,13078,2776
15662,12924,2738
15872,13091,2781
15543,12786,2757
15865,13082,2783
15759,12976,2783
15843,13056,2787
15727,12954,2773
15869,13069,2800
15612,12871,2741
15672,12841,2831
15459,12667,2792
15731,12900,2831
15612,12806,2806
15744,12907,2837
15638,12815,2823
15846,13011,2835
15767,12999,2768
15855,13050,2805
15997,13229,2768
16252,13471,2781
16059,13317,2742
16202,13429,2773
16124,13424,2700
16321,13592,2729
16209,13468,2741
16334,13558,2776
16241,13526,2715
16665,13887,2778
16776,14022,2754
17053,14302,2751
16801,14095,2706
17133,14436,2697
17022,14349,2673
17709,15061,2648
17801,15182,2619
18040,15467,2573
18248,15702,2546
18791,16274,2517
18352,15904,2448
18834,16343,2491
19063,16557,2506
18819,16349,2470
19093,16658,2435
19401,16811,2590
19148,16644,2504
19757,17111,2646
19411,16655,2756
19390,16544,2846
19201,16353,2848
19206,16234,2972
19119,16143,2976
19592,16332,3260
18942,15513,3429
18940,15505,3435
18802,15311,3491
18884,15403,3481
18679,15193,3486
19465,15968,3497
19170,15725,3445
19438,15926,3512
18932,15564,3368
19140,15676,3464
19151,15728,3423
19768,16250,3518
19333,15886,3447
19377,15888,3489
19606,16175,3431
19642,16149,3493
19373,15896,3477
20384,16815,3569
19649,16090,3559
19658,16070,3588
19374,15901,3473
19937,16375,3562
19731,16135,3596
20103,16539,3564
19687,16109,3578
19808,16201,3607
19736,16229,3507
19936,16321,3615
19673,16051,3622
19889,16294,3595
19668,16088,3580
19638,16009,3629
19730,16209,3521
19859,16238,3621
19793,16173,3620
20269,16651,3618
19778,16215,3563
19763,16132,3631
19803,16285,3518
19757,16119,3638
19509,15903,3606
20030,16457,3573
19733,16228,3505
19528,15981,3547
19472,16030,3442
20004,16467,3537
19556,16120,3436
20341,16789,3552
20289,16721,3568
20186,16659,3527
20706,17275,3431
21331,17904,3427
21515,18114,3401
22988,19576,3412
22992,19778,3214
22968,19747,3221
23424,20513,2911
23591,20749,2842
23385,20560,2825
23590,20718,2872
22221,19278,2943
21768,18824,2944
21521,18589,2932
21730,18752,2978
21537,18561,2976
21478,18398,3080
21374,18309,3065
21489,18417,3072
21381,18304,3077
21636,18572,3064
21313,18283,3030
21575,18518,3057
21229,18175,3054
21585,18503,3082
21376,18305,3071
21266,18229,3037
21077,18005,3072
21444,18372,3072
21326,18261,3065
21242,18224,3018
21259,18261,2998
21203,18153,3050
20818,17795,3023
21407,18345,3062
21062,18029,3033
21117,18071,3046
21098,18074,3024
21455,18399,3056
21085,18037,3048
21538,18487,3051
21442,18467,2975
21422,18412,3010
21545,18539,3006
22035,19010,3025
21816,18830,2986
21898,18879,3019
22147,19157,2990
22202,19234,2968
22250,19349,2901
23163,20310,2853
22916,20162,2754
22887,20110,2777
22713,20008,2705
22772,20121,2651
22699,20054,2645
23537,20874,2663
23443,20814,2629
23199,20629,2570
22753,20221,2532
22827,20311,2516
22192,19620,2572
22438,19836,2602
22079,19481,2598
21965,19301,2664
21970,19344,2626
22085,19400,2685
21886,19231,2655
22160,19414,2746
22081,19365,2716
22163,19468,2695
22005,19283,2722
21947,19179,2768
21756,19045,2711
22187,19376,2811
21946,19148,2798
21711,18995,2716
21660,18953,2707
21803,19076,2727
21402,18679,2723
22012,19263,2749
21701,18982,2719
21869,19158,2711
22099,19359,2740
22180,19440,2740
21664,18959,2705
22369,19598,2771
22159,19407,2752
21795,19030,2765
21646,18939,2707
21932,19178,2754
21635,18919,2716
22273,19492,2781
21994,19243,2751
22141,19363,2778
22038,19249,2789
22097,19277,2820
21659,18851,2808
22191,19370,2821
22013,19228,2785
21816,19031,2785
21953,19240,2713
22285,19541,2744
21608,18878,2730
22318,19581,2737
21924,19181,2743
22369,19611,2758
22076,19334,2742
22563,19767,2796
21997,19202,2795
22384,19618,2766
22241,19475,2766
21655,18795,2860
22083,19272,2811
22161,19324,2837
21524,18739,2785
21772,18940,2832
21677,18856,2821
21799,18944,2855
21507,18688,2819
21704,18842,2862
21528,18668,2860
21759,18920,2839
21663,18869,2794
21203,18346,2857
21569,18806,2763
21616,18766,2850
21261,18390,2871
21339,18533,2806
21455,18660,2795
21319,18477,2842
21106,18320,2786
21227,18424,2803
20640,17816,2824
21049,18256,2793
20742,17942,2800
20544,17734,2810
20807,18072,2735
20866,18114,2752
20420,17670,2750
20832,18114,2718
20625,17911,2714
20403,17634,2769
20541,17809,2732
20772,18019,2753
20424,17614,2810
20697,17930,2767
20656,17900,2756
20230,17330,2900
20703,17920,2783
20784,17973,2811
20353,17546,2807
20634,17796,2838
20579,17771,2808
20539,17660,2879
20491,17693,2798
20716,17889,2827
20370,17480,2890
20511,17659,2852
20329,17525,2804
19958,17114,2844
20393,17570,2823
20353,17523,2830
20112,17256,2856
20617,17761,2856
20442,17635,2807
20536,17618,2918
20512,17654,2858
20686,17826,2860
20439,17615,2824
20795,17915,2880
20765,17957,2808
20273,17517,2756
20584,17828,2756
20860,18070,2790
20502,17738,2764
20518,17735,2783
20563,17805,2758
20757,17978,2779
20496,17750,2746
20857,18106,2751
20930,18234,2696
21565,18905,2660
21613,18940,2673
21057,18563,2494
21123,18721,2402
21471,18984,2487
21224,18721,2503
21599,19068,2531
21339,18846,2493
21257,18810,2447
21229,18778,2451
21480,19056,2424
21048,18692,2356
21391,19068,2323
21296,18991,2305
20950,18592,2358
20757,18274,2483
20726,18150,2576
20545,18019,2526
20913,18248,2665
21005,18334,2671
21115,18389,2726
20816,18081,2735
21287,18514,2773
21162,18416,2746
21381,18641,2740
21262,18508,2754
21169,18396,2773
21077,18338,2739
21415,18675,2740
21168,18414,2754
21530,18748,2782
21310,18569,2741
21568,18828,2740
21259,18557,2702
21396,18654,2742
21344,18612,2732
21366,18645,2721
21170,18436,2734
21652,18969,2683
21319,18617,2702
21535,18800,2735
21342,18643,2699
21656,18952,2704
21559,18870,2689
21431,18712,2719
21160,18471,2689
21599,18893,2706
21231,18533,2698
21579,18866,2713
21254,18577,2677
21641,18929,2712
21216,18490,2726
21755,19031,2724
21694,18975,2719
21515,18786,2729
21471,18753,2718
21555,18803,2752
21113,18373,2740
21691,18949,2742
21452,18723,2729
21417,18693,2724
21147,18446,2701
21441,18728,2713
21025,18313,2712
21275,18591,2684
21235,18543,2692
21391,18687,2704
21168,18466,2702
21391,18679,2712
21137,18417,2720
21510,18823,2687
21400,18707,2693
21432,18733,2699
21060,18410,2650
21432,18746,2686
20971,18413,2558
21325,18767,2558
21400,18894,2506
21375,18847,2528
21277,18810,2467
21400,18860,2540
21118,18561,2557
21456,18958,2498
21268,18765,2503
21452,18875,2577
21357,18874,2483
21243,18732,2511
20893,18301,2592
21408,18885,2523
21273,18636,2637
21685,18930,2755
21655,19036,2619
21679,18957,2722
21426,18698,2728
21705,18990,2715
21523,18865,2658
21509,18807,2702
21250,18600,2650
21806,19086,2720
21202,18469,2733
21416,18698,2718
21381,18737,2644
21247,18576,2671
21029,18520,2509
21290,18794,2496
21174,18600,2574
21436,18905,2531
21592,19129,2463
21650,19146,2504
21752,19341,2411
22697,20386,2311
22641,20573,2068
23731,21674,2057
24432,22583,1849
24430,22668,1762
23947,22371,1576
22708,21176,1532
20056,18529,1527
19195,17525,1670
16093,13847,2246
12705,9011,3694
9289,6018,3271
4724,3132,1592
2861,1640,1221
2165,1136,1029
448,443,5
497,487,10
346,346,0
619,619,0
453,453,0
667,667,0
540,540,0
734,721,13
455,455,0
267,267,0
218,218,0
354,353,1
204,203,1
324,324,0
261,261,0
738,738,0
388,388,0
613,613,0
339,339,0
435,435,0
398,398,0
379,379,0
268,268,0
456,456,0
244,244,0
364,364,0
226,226,0
459,459,0
297,297,0
560,560,0
437,437,0
618,618,0
415,413,2
237,237,0
221,221,0
273,273,0
242,242,0
407,406,1
358,358,0
523,523,0
295,295,0
497,497,0
250,250,0
367,367,0
246,246,0
345,345,0
247,247,0
340,340,0
247,247,0
486,484,2
439,431,8
631,622,9
543,543,0
817,816,1
480,480,0
465,465,0
324,324,0
602,598,4
534,534,0
841,839,2
602,596,6
650,650,0
461,461,0
773,773,0
527,527,0
553,553,0
461,461,0
629,624,5
425,425,0
472,472,0
251,251,0
287,287,0
173,173,0
253,253,0
179,179,0
312,312,0
260,260,0
375,375,0
387,387,0
460,459,1
475,473,2
472,472,0
298,298,0
430,430,0
282,282,0
370,370,0
328,328,0
411,410,1
228,228,0
356,356,0
271,271,0
292,289,3
191,191,0
469,469,0
458,458,0
679,673,6
450,450,0
539,539,0
350,350,0
